Model,Description,Parameters,Parameters_M,Final_Train_Loss,Final_Val_Loss,Final_Perplexity,Training_Time_Seconds,d_model,n_layers,n_heads,d_ff,No_Positional_Encoding,Test_2010_Perplexity,Test_2011_Perplexity,Test_2012_Perplexity,Test_2013_Perplexity,Test_2014_Perplexity,Test_2015_Perplexity
no_pos_encoding,"移除位置编码 - 4层, 8注意力头, 256维",30443824,30.443824,2.830815258871563,3.115387669631413,22.54216757360228,2239.718196,256,4,8,1024,True,18.372178770836378,15.39949053078866,17.6841946941011,17.084680922423185,23.42063515500614,20.07208633679375
baseline,"基准模型 - 4层, 8注意力头, 256维",30443824,30.443824,3.1269259764214996,3.2486910862582072,25.756604669950715,1995.805604,256,4,8,1024,False,20.968822429863344,17.60317772801314,20.010109416520958,19.30519896785301,26.183794237132368,22.450144719302983
small_layers,"减少层数 - 2层, 8注意力头, 256维",26757424,26.757424,3.0445005754527976,3.2652653626033237,26.187059135078837,1491.193895,256,2,8,1024,False,21.44751978854236,17.612628124092463,20.136104713820433,19.476564274017854,26.55158076551131,22.67294487664154
small_heads,"减少注意力头 - 4层, 4注意力头, 256维",30443824,30.443824,3.202556046875455,3.2784373589924405,26.534276737735496,1984.381103,256,4,4,1024,False,21.901676459468465,18.138820027208503,20.861189106420326,20.157660505634876,26.805399723169263,23.218490193398562
tiny_model,"超小模型 - 2层, 4注意力头, 128维",12476208,12.476208,3.6284690633025196,3.62846017735345,37.65479025470825,1004.448409,128,2,4,512,False,30.561867366232278,25.279954057130816,28.886123146224968,28.14516259307885,37.77095706984614,32.58273136074744
small_dim,"减小维度 - 4层, 8注意力头, 128维",13401904,13.401904,3.7131116583080437,3.671856198992048,39.32483287098121,1438.134842,128,4,8,512,False,31.226012298815604,26.63231773135501,29.921832263776036,29.341495202696827,38.70372297432678,33.69886831325453
